<?xml version="1.0" encoding="UTF-8"?>
<!DOCTYPE mapper PUBLIC "-//mybatis.org//DTD Mapper 3.0//EN"
        "http://mybatis.org/dtd/mybatis-3-mapper.dtd">

<mapper namespace="com.jd.ad.dao.mapper.ibd.commodity.CommodityGeneralMapper">
    <resultMap type="java.util.LinkedHashMap" id="returnHashMap">
    </resultMap>

    <sql id="database">sz_prod</sql>
    <sql id="shop_product_sku_detail">shop_product_sku_detail_d</sql>
    <sql id="shop_product_spu_detail">shop_product_spu_detail_d</sql>

    <select id="getIbdSkuCommodityGeneralOverview" resultMap="returnHashMap"
            parameterType="com.jd.ad.dao.bean.ibd.commodity.CommodityDetailParam">
        select
        <foreach collection="columns" item="item" separator=",">
            ${item}
        </foreach>
        from <include refid="database"/>.<include refid="shop_product_sku_detail"/>
        <include refid="com.jd.ad.dao.mapper.ibd.commodity.CommodityDetailMapper.where"/>
        <if test="orderBy != null and orderBy.size()>0">
            order by
            <foreach collection="orderBy" item="item" separator=",">
                ${item} ${order}
            </foreach>
        </if>
        <if test="limit != null"  > limit ${limit}</if>
    </select>

    <select id="getIbdSpuCommodityGeneralOverview" resultMap="returnHashMap"
            parameterType="com.jd.ad.dao.bean.ibd.commodity.CommodityDetailParam">
        select
        <foreach collection="columns" item="item" separator=",">
            ${item}
        </foreach>
        from <include refid="database"/>.<include refid="shop_product_spu_detail"/>
        <include refid="com.jd.ad.dao.mapper.ibd.commodity.CommodityDetailMapper.where"/>
        <if test="orderBy != null and orderBy.size()>0">
            order by
            <foreach collection="orderBy" item="item" separator=",">
                ${item} ${order}
            </foreach>
        </if>
        <if test="limit != null"  > limit ${limit}</if>
    </select>

    <select id="getIbdSkuShopCommodityGeneral" resultMap="returnHashMap"
            parameterType="com.jd.ad.dao.bean.ibd.commodity.CommodityDetailParam">
        select shopId,
        <foreach collection="columns" item="item" separator=",">
            ${item}
        </foreach>
        from <include refid="database"/>.<include refid="shop_product_sku_detail"/>
        <include refid="com.jd.ad.dao.mapper.ibd.commodity.CommodityDetailMapper.where"/>
        group by shopId
        <if test="orderBy != null and orderBy.size()>0">
            order by
            <foreach collection="orderBy" item="item" separator=",">
                ${item} ${order}
            </foreach>
        </if>
        <if test="limit != null"  > limit ${limit}</if>
    </select>


    <select id="getIbdSpuShopCommodityGeneral" resultMap="returnHashMap"
            parameterType="com.jd.ad.dao.bean.ibd.commodity.CommodityDetailParam">
        select shopId,
        <foreach collection="columns" item="item" separator=",">
            ${item}
        </foreach>
        from <include refid="database"/>.<include refid="shop_product_spu_detail"/>
        <include refid="com.jd.ad.dao.mapper.ibd.commodity.CommodityDetailMapper.where"/>
        group by shopId
        <if test="orderBy != null and orderBy.size()>0">
            order by
            <foreach collection="orderBy" item="item" separator=",">
                ${item} ${order}
            </foreach>
        </if>
        <if test="limit != null"  > limit ${limit}</if>
    </select>

    <select id="getIbdSkuCommodityTrend" resultMap="returnHashMap"
            parameterType="com.jd.ad.dao.bean.ibd.commodity.CommodityDetailParam">
        select logicalDate as LogicalDate,
        <foreach collection="columns" item="item" separator=",">
            ${item}
        </foreach>
        from <include refid="database"/>.<include refid="shop_product_sku_detail"/>
        <include refid="com.jd.ad.dao.mapper.ibd.commodity.CommodityDetailMapper.where"/>
        group by logicalDate
        order by logicalDate desc
        <if test="limit != null"  > limit ${limit}</if>
    </select>

    <select id="getIbdSpuCommodityTrend" resultMap="returnHashMap"
            parameterType="com.jd.ad.dao.bean.ibd.commodity.CommodityDetailParam">
        select logicalDate as LogicalDate,
        <foreach collection="columns" item="item" separator=",">
            ${item}
        </foreach>
        from <include refid="database"/>.<include refid="shop_product_spu_detail"/>
        <include refid="com.jd.ad.dao.mapper.ibd.commodity.CommodityDetailMapper.where"/>
        group by logicalDate
        order by logicalDate desc
        <if test="limit != null"  > limit ${limit}</if>
    </select>
</mapper>
