<?xml version="1.0" encoding="UTF-8"?>
<!DOCTYPE mapper PUBLIC "-//mybatis.org//DTD Mapper 3.0//EN"
        "http://mybatis.org/dtd/mybatis-3-mapper.dtd">

<mapper namespace="com.jd.ad.dao.mapper.ibd.commodity.CommodityDetailMapper">
    <resultMap type="java.util.LinkedHashMap" id="returnHashMap">
    </resultMap>

    <sql id="database">sz_prod</sql>
    <sql id="shop_product_spu_list_detail">shop_product_spu_list_detail_d</sql>
    <sql id="shop_product_sku_list_detail">shop_product_sku_list_detail_d</sql>

    <select id="getIbdCommoditySpuCount" resultMap="returnHashMap"
            parameterType="com.jd.ad.dao.bean.ibd.commodity.CommodityDetailParam">
        select
        count(*) as Count
        from(
        select
        1
        from
        <include refid="database"/>.<include refid="shop_product_spu_list_detail"/>
        <include refid="where"/>
        group by shopId, spuId
        )
    </select>

    <select id="getIbdCommoditySpuDetail" resultMap="returnHashMap"
            parameterType="com.jd.ad.dao.bean.ibd.commodity.CommodityDetailParam">
        select
        <foreach collection="columns" item="item" separator=",">
            ${item}
        </foreach>
        from
        <include refid="database"/>.<include refid="shop_product_spu_list_detail"/>
        <include refid="where"/>
        group by shopId, spuId
        <if test="orderBy != null and orderBy.size()>0 and order != null">
            order by
            <foreach collection="orderBy" item="item" separator=",">
                ${item}
            </foreach>
            ${order}
        </if>
        limit ${limit}
    </select>

    <select id="getIbdCommoditySkuCount" resultMap="returnHashMap"
            parameterType="com.jd.ad.dao.bean.ibd.commodity.CommodityDetailParam">
        select
        count(*) as Count
        from(
        select
        1
        from
        <include refid="database"/>.<include refid="shop_product_sku_list_detail"/>
        <include refid="where"/>
        group by shopId, skuId
        )
    </select>

    <select id="getIbdCommoditySkuDetail" resultMap="returnHashMap"
            parameterType="com.jd.ad.dao.bean.ibd.commodity.CommodityDetailParam">
        select
        <foreach collection="columns" item="item" separator=",">
            ${item}
        </foreach>
        from
        <include refid="database"/>.<include refid="shop_product_sku_list_detail"/>
        <include refid="where"/>
        group by shopId, skuId
        <if test="orderBy != null and orderBy.size()>0 and order != null">
            order by
            <foreach collection="orderBy" item="item" separator=",">
                ${item}
            </foreach>
            ${order}
        </if>
        limit ${limit}
    </select>


    <sql id="where">
        where logicalDate &gt;= ${logicalStartTime} and logicalDate &lt;= ${logicalEndTime}

        <if test="processTime != null">
            and processDate = #{processTime}
        </if>

        <if test="spuId != null and spuId.size()>0 ">
            and spuId in
            <foreach collection="spuId" item="item" open="(" close=")" separator=",">
                #{item}
            </foreach>
        </if>

        <if test="skuId != null and skuId.size()>0 ">
            and skuId in
            <foreach collection="skuId" item="item" open="(" close=")" separator=",">
                #{item}
            </foreach>
        </if>

        <if test="shopId != null and shopId.size()>0 ">
            and shopId in
            <foreach collection="shopId" item="item" open="(" close=")" separator=",">
                ${item}
            </foreach>
        </if>

        <if test="channelId != null">
            and channelId = ${channelId}
        </if>

        <if test="brandId != null">
            and brandId = #{brandId}
        </if>

        <if test="level2IdxCode != null">
            and level2IdxCode = #{level2IdxCode}
        </if>

        <if test="level3IdxCode != null">
            and level3IdxCode = #{level3IdxCode}
        </if>

    </sql>


</mapper>
