<?xml version="1.0" encoding="UTF-8"?>
<beans xmlns="http://www.springframework.org/schema/beans"
       xmlns:xsi="http://www.w3.org/2001/XMLSchema-instance"
       xmlns:context="http://www.springframework.org/schema/context"
       xmlns:mvc="http://www.springframework.org/schema/mvc"
       xmlns:jsf="http://jsf.jd.com/schema/jsf" xmlns:util="http://www.springframework.org/schema/util"
       xmlns:aop="http://www.springframework.org/schema/aop"
       xsi:schemaLocation="http://www.springframework.org/schema/beans http://www.springframework.org/schema/beans/spring-beans.xsd
       http://www.springframework.org/schema/context http://www.springframework.org/schema/context/spring-context-4.3.xsd
       http://www.springframework.org/schema/mvc http://www.springframework.org/schema/mvc/spring-mvc.xsd
       http://jsf.jd.com/schema/jsf http://jsf.jd.com/schema/jsf/jsf.xsd
       http://www.springframework.org/schema/util http://www.springframework.org/schema/util/spring-util.xsd http://www.springframework.org/schema/aop http://www.springframework.org/schema/aop/spring-aop.xsd">

    <!-- 加载Services -->
    <context:component-scan base-package="com.jd.ad.service.*" />
    <!-- 加载Tools 放到 Services之后 用来 获取所有的Services -->
    <context:component-scan base-package="com.jd.ad.utils.tools" />
    <!-- 加载Managers 放到Tools之后 用来 获取所有的Tools的相关信息 -->
    <context:component-scan base-package="com.jd.ad.utils.managers" />

    <context:component-scan base-package="com.jd.ad.procedure" />

    <context:component-scan base-package="com.jd.ad.facade.*" />
    <context:component-scan base-package="com.jd.ad.procedure.validator.*" />
    <context:component-scan base-package="com.jd.ad.dao.mapper.*" />

    <context:component-scan base-package="com.jd.bdp.ard.cache">
        <context:include-filter type="annotation" expression="org.aspectj.lang.annotation.Aspect"/>
    </context:component-scan>

    <context:annotation-config/>

    <!--<mvc:annotation-driven/>-->

    <aop:aspectj-autoproxy/>

    <context:property-placeholder location="classpath:spring/context/props/init-${brand.env}.properties"/>

    <!-- 注册中心   192.168.150.121 i.jsf.jd.com  #测试index服务地址 服务提供服务消费都可以使用 -->
    <jsf:registry id="jsfRegistry" protocol="jsfRegistry" index="i.jsf.jd.com" />

    <!-- 服务端 -->
    <jsf:server id="jsf" protocol="jsf"/>
    <!-- 发布服务 alias可以改成自己的 -->
    <jsf:provider id="ibdBizDataService" interface="com.jd.ad.facade.IbdBizService" alias="${jsf.provider.alias}"
                  ref="ibdBizServiceImpl" server="jsf" compress="lzma">
    </jsf:provider>

    <!--<jsf:consumer id="ibdBizService" interface="com.jd.ad.facade.IbdBizService"-->
                  <!--protocol="jsf" alias="${jsf.provider.alias}" timeout="10000" >-->
    <!--</jsf:consumer>-->

</beans>