<?xml version="1.0" encoding="UTF-8"?>
<!DOCTYPE mapper PUBLIC "-//mybatis.org//DTD Mapper 3.0//EN"
        "http://mybatis.org/dtd/mybatis-3-mapper.dtd">

<mapper namespace="com.jd.ad.dao.mapper.ibd.trade.TradeGeneralMapper">
    <resultMap type="java.util.LinkedHashMap" id="returnHashMap">
    </resultMap>

    <sql id="database">sz_prod</sql>
    <sql id="shop_trade_detail">shop_trade_detail_d</sql>
    <sql id="shop_brand_trade_detail">shop_brand_trade_detail_d</sql>
    <sql id="shop_section_level2_trade_detail">shop_section_level2_trade_detail_d</sql>
    <sql id="shop_section_level3_trade_detail">shop_section_level3_trade_detail_d</sql>

    <select id="getIbdTradeGeneralOverview" resultMap="returnHashMap"
            parameterType="com.jd.ad.dao.bean.ibd.trade.TradeParam">
        select
        logicalDate as LogicalDate,
        <foreach collection="columns" item="item" separator=",">
            ${item}
        </foreach>
        from
        <include refid="database"/>.<include refid="shop_trade_detail"/>
        <include refid="where"/>
        group by logicalDate
        ORDER by logicalDate desc
    </select>

    <select id="getBndTradeGeneralTrend" resultMap="returnHashMap"
            parameterType="com.jd.ad.dao.bean.ibd.trade.TradeParam">
        select
        logicalDate as LogicalDate,
        <foreach collection="columns" item="item" separator=",">
            ${item}
        </foreach>
        from
        <include refid="database"/>.<include refid="shop_trade_detail"/>
        <include refid="where"/>
        group by logicalDate
    </select>


    <select id="getIbdTradeShopDetail" resultMap="returnHashMap"
            parameterType="com.jd.ad.dao.bean.ibd.trade.TradeParam">
        select
        shopId,
        <foreach collection="columns" item="item" separator=",">
            ${item}
        </foreach>
        from
        <include refid="database"/>.<include refid="shop_trade_detail"/>
        <include refid="where"/>
        group by shopId
        <if test="orderBy != null and orderBy.size()>0 and order != null">
            order by
            <foreach collection="orderBy" item="item" separator=",">
                ${item} ${order}
            </foreach>
        </if>
        <choose>
            <when test="limit != null">
                limit ${limit}
            </when>
            <otherwise>
                2000
            </otherwise>
        </choose>
    </select>

    <select id="getIbdTradeBrandDetail" resultMap="returnHashMap"
            parameterType="com.jd.ad.dao.bean.ibd.trade.TradeParam">
        select
        brandId as BrandId,
        <foreach collection="columns" item="item" separator=",">
            ${item}
        </foreach>
        from
        <include refid="database"/>.<include refid="shop_brand_trade_detail"/>
        <include refid="where"/>
        group by brandId
        <if test="orderBy != null and orderBy.size()>0 and order != null">
            order by
            <foreach collection="orderBy" item="item" separator=",">
                ${item}
            </foreach>
            ${order}
        </if>
        limit ${limit}
    </select>


    <select id="getIbdTradeSecondItemDetail" resultMap="returnHashMap"
            parameterType="com.jd.ad.dao.bean.ibd.trade.TradeParam">
        select
        level2IdxCode as Level2IdxCode,
        <foreach collection="columns" item="item" separator=",">
            ${item}
        </foreach>
        from
        <include refid="database"/>.<include refid="shop_section_level2_trade_detail"/>
        <include refid="where"/>
        group by level2IdxCode
        <if test="orderBy != null and orderBy.size()>0 and order != null">
            order by
            <foreach collection="orderBy" item="item" separator=",">
                ${item}
            </foreach>
            ${order}
        </if>
        limit ${limit}
    </select>


    <select id="getIbdTradeThirdItemDetail" resultMap="returnHashMap"
            parameterType="com.jd.ad.dao.bean.ibd.trade.TradeParam">
        select
        level3IdxCode as Level3IdxCode,
        <foreach collection="columns" item="item" separator=",">
            ${item}
        </foreach>
        from
        <include refid="database"/>.<include refid="shop_section_level3_trade_detail"/>
        <include refid="where"/>
        group by level3IdxCode
        <if test="orderBy != null and orderBy.size()>0 and order != null">
            order by
            <foreach collection="orderBy" item="item" separator=",">
                ${item}
            </foreach>
            ${order}
        </if>
        limit ${limit}
    </select>

    <sql id="where">
        where logicalDate &gt;= ${logicalStartTime} and logicalDate &lt;= ${logicalEndTime}

        <if test="processTime != null">
            and processDate = #{processTime}
        </if>
        <if test="shopId != null and shopId.size()>0 ">
            and shopId in
            <foreach collection="shopId" item="item" open="(" close=")" separator=",">
                ${item}
            </foreach>
        </if>

        <if test="channelId != null">
            and channelId = ${channelId}
        </if>

        <if test="brandId != null">
            and brandId = #{brandId}
        </if>

        <if test="level2IdxCode != null">
            and level2IdxCode = #{level2IdxCode}
        </if>

        <if test="brandId != null">
            and level3IdxCode = #{level3IdxCode}
        </if>
    </sql>

</mapper>
