<?xml version="1.0" encoding="UTF-8"?>
<!DOCTYPE mapper PUBLIC "-//mybatis.org//DTD Mapper 3.0//EN"
        "http://mybatis.org/dtd/mybatis-3-mapper.dtd">

<mapper namespace="com.jd.ad.dao.mapper.ibd.trade.TradeFeatureMapper">
    <resultMap type="java.util.LinkedHashMap" id="returnHashMap">
    </resultMap>

    <sql id="database">sz_prod</sql>
    <sql id="shop_trade_feature">shop_trade_feature_d</sql>
    <sql id="shop_brand_trade_feature">shop_brand_trade_feature_d</sql>
    <sql id="shop_section_level2_trade_feature">shop_section_level2_trade_feature_d</sql>
    <sql id="shop_section_level3_trade_feature">shop_section_level3_trade_feature_d</sql>

    <select id="getIbdTradeCustFeature" resultMap="returnHashMap"
            parameterType="com.jd.ad.dao.bean.ibd.trade.TradeFeatureParam">
        select
        <foreach collection="columns" item="item" separator=",">
            ${item}
        </foreach>
        from
        <include refid="database"/>.<include refid="shop_trade_feature"/>
        <include refid="where"/>
        and featureType = 2
        group by featureValue
        order by featureValue
    </select>


    <select id="getIbdTradeShopCustFeatureDetail" resultMap="returnHashMap"
            parameterType="com.jd.ad.dao.bean.ibd.trade.TradeFeatureParam">
        select
        shopId as ShopId,
        <foreach collection="columns" item="item" separator=",">
            ${item}
        </foreach>
        from
        <include refid="database"/>.<include refid="shop_trade_feature"/>
        <include refid="where"/>
        and featureType = 2
        group by shopId, featureValue
        order by shopId, featureValue
    </select>


    <select id="getIbdTradeSecondItemFeatureDetail" resultMap="returnHashMap"
            parameterType="com.jd.ad.dao.bean.ibd.trade.TradeFeatureParam">
        select
        level2IdxCode as Level2IdxCode,
        <foreach collection="columns" item="item" separator=",">
            ${item}
        </foreach>
        from
        <include refid="database"/>.<include refid="shop_section_level2_trade_feature"/>
        <include refid="where"/>
        and featureType = 2
        group by featureValue, level2IdxCode
        <if test="orderBy != null and orderBy.size()>0 and order != null">
            order by
            <foreach collection="orderBy" item="item" separator=",">
                ${item}
            </foreach>
            ${order}
        </if>
        limit ${limit}
    </select>


    <select id="getIbdTradeThirdItemFeatureDetail" resultMap="returnHashMap"
            parameterType="com.jd.ad.dao.bean.ibd.trade.TradeFeatureParam">
        select
        level3IdxCode as Level3IdxCode,
        <foreach collection="columns" item="item" separator=",">
            ${item}
        </foreach>
        from
        <include refid="database"/>.<include refid="shop_section_level3_trade_feature"/>
        <include refid="where"/>
        and featureType = 2
        group by featureValue, level3IdxCode
        <if test="orderBy != null and orderBy.size()>0 and order != null">
            order by
            <foreach collection="orderBy" item="item" separator=",">
                ${item}
            </foreach>
            ${order}
        </if>
        limit ${limit}
    </select>


    <select id="getIbdTradeBrandFeatureDetail" resultMap="returnHashMap"
            parameterType="com.jd.ad.dao.bean.ibd.trade.TradeFeatureParam">
        select
        brandId as BrandId,
        <foreach collection="columns" item="item" separator=",">
            ${item}
        </foreach>
        from
        <include refid="database"/>.<include refid="shop_brand_trade_feature"/>
        <include refid="where"/>
        and featureType = 2
        group by featureValue, brandId
        <if test="orderBy != null and orderBy.size()>0 and order != null">
            order by
            <foreach collection="orderBy" item="item" separator=",">
                ${item}
            </foreach>
            ${order}
        </if>
        limit ${limit}
    </select>

    <select id="getIbdTradePaymentFeature" resultMap="returnHashMap"
            parameterType="com.jd.ad.dao.bean.ibd.trade.TradeFeatureParam">
        select
        <foreach collection="columns" item="item" separator=",">
            ${item}
        </foreach>
        from
        <include refid="database"/>.<include refid="shop_trade_feature"/>
        <include refid="where"/>
        and featureType = 1
        group by featureValue
    </select>

    <select id="getIbdTradeShopPaymentFeatureDetail" resultMap="returnHashMap"
            parameterType="com.jd.ad.dao.bean.ibd.trade.TradeFeatureParam">
        select
        shopId as ShopId,
        <foreach collection="columns" item="item" separator=",">
            ${item}
        </foreach>
        from
        <include refid="database"/>.<include refid="shop_trade_feature"/>
        <include refid="where"/>
        and featureType = 1
        group by featureValue, shopId
        order by shopId, featureValue
    </select>

    <select id="getIbdTradeProNumFeature" resultMap="returnHashMap"
            parameterType="com.jd.ad.dao.bean.ibd.trade.TradeFeatureParam">
        select
        <foreach collection="columns" item="item" separator=",">
            ${item}
        </foreach>
        from
        <include refid="database"/>.<include refid="shop_trade_feature"/>
        <include refid="where"/>
        and featureType = 3
        group by featureValue
        order by featureValue
    </select>


    <select id="getIbdTradeShopProNumFeatureDetail" resultMap="returnHashMap"
            parameterType="com.jd.ad.dao.bean.ibd.trade.TradeFeatureParam">
        select
        shopId as ShopId,
        <foreach collection="columns" item="item" separator=",">
            ${item}
        </foreach>
        from
        <include refid="database"/>.<include refid="shop_trade_feature"/>
        <include refid="where"/>
        and featureType = 3
        group by shopId, featureValue
        order by shopId, featureValue
    </select>


    <select id="getIbdTradeSecondItemProNumFeatureDetail" resultMap="returnHashMap"
            parameterType="com.jd.ad.dao.bean.ibd.trade.TradeFeatureParam">
        select
        level2IdxCode as Level2IdxCode,
        <foreach collection="columns" item="item" separator=",">
            ${item}
        </foreach>
        from
        <include refid="database"/>.<include refid="shop_section_level2_trade_feature"/>
        <include refid="where"/>
        and featureType = 3
        group by featureValue, level2IdxCode
        <if test="orderBy != null and orderBy.size()>0 and order != null">
            order by
            <foreach collection="orderBy" item="item" separator=",">
                ${item}
            </foreach>
            ${order}
        </if>
        limit ${limit}
    </select>


    <select id="getIbdTradeThirdItemProNumFeatureDetail" resultMap="returnHashMap"
            parameterType="com.jd.ad.dao.bean.ibd.trade.TradeFeatureParam">
        select
        level3IdxCode as Level3IdxCode,
        featureValue as FeatureValue,
        <foreach collection="columns" item="item" separator=",">
            ${item}
        </foreach>
        from
        <include refid="database"/>.<include refid="shop_section_level3_trade_feature"/>
        <include refid="where"/>
        and featureType = 3
        group by featureValue, level3IdxCode
        <if test="orderBy != null and orderBy.size()>0 and order != null">
            order by
            <foreach collection="orderBy" item="item" separator=",">
                ${item}
            </foreach>
            ${order}
        </if>
        limit ${limit}
    </select>


    <select id="getIbdTradeBrandItemProNumFeatureDetail" resultMap="returnHashMap"
            parameterType="com.jd.ad.dao.bean.ibd.trade.TradeFeatureParam">
        select
        brandId as BrandId,
        <foreach collection="columns" item="item" separator=",">
            ${item}
        </foreach>
        from
        <include refid="database"/>.<include refid="shop_brand_trade_feature"/>
        <include refid="where"/>
        and featureType = 3
        group by featureValue, brandId
        <if test="orderBy != null and orderBy.size()>0 and order != null">
            order by
            <foreach collection="orderBy" item="item" separator=",">
                ${item}
            </foreach>
            ${order}
        </if>
        limit ${limit}
    </select>


    <sql id="where">
        where logicalDate &gt;= ${logicalStartTime} and logicalDate &lt;= ${logicalEndTime}

        <if test="processTime != null">
            and processDate = #{processTime}
        </if>

        <if test="shopId != null and shopId.size()>0 ">
            and shopId in
            <foreach collection="shopId" item="item" open="(" close=")" separator=",">
                ${item}
            </foreach>
        </if>

        <if test="channelId != null">
            and channelId = ${channelId}
        </if>

        <if test="brandId != null">
            and brandId = #{brandId}
        </if>

        <if test="level2IdxCode != null">
            and level2IdxCode = #{level2IdxCode}
        </if>

        <if test="brandId != null">
            and level3IdxCode = #{level3IdxCode}
        </if>
    </sql>

</mapper>
