<?xml version="1.0" encoding="UTF-8"?>
<!DOCTYPE mapper PUBLIC "-//mybatis.org//DTD Mapper 3.0//EN"
        "http://mybatis.org/dtd/mybatis-3-mapper.dtd">

<mapper namespace="com.jd.ad.dao.mapper.ibd.shoprel.ShopRelMapper">
    <resultMap type="java.util.LinkedHashMap" id="returnHashMap">
    </resultMap>

    <sql id="database">sz_prod</sql>
    <sql id="shop_brand_rel">shop_brand_rel_d</sql>
    <sql id="shop_section_rel">shop_section_rel_d</sql>

    <select id="getBrandList" resultMap="returnHashMap"
            parameterType="com.jd.ad.dao.bean.ibd.shoprel.ShopRelParam">
        select
        brandId as BrandId,
        any(brandName) as BrandName
        from <include refid="database"/>.<include refid="shop_brand_rel"/>
        <include refid="where"/>
        group by brandId
    </select>

    <select id="getSectionList" resultMap="returnHashMap"
            parameterType="com.jd.ad.dao.bean.ibd.shoprel.ShopRelParam">
        select
        level2IdxCode as Level2IdxCode,
        any(level2IdxName) as Level2IdxName,
        level3IdxCode as Level3IdxCode,
        any(level3IdxName) as Level3IdxName
        from <include refid="database"/>.<include refid="shop_section_rel"/>
        <include refid="where"/>
        group by level2IdxCode, level3IdxCode
    </select>

    <sql id="where">
        WHERE processDate = #{processTime}
        <if test="shopId != null and shopId.size()>0">
            and shopId in
            <foreach collection="shopId" item="item" open="(" close=")" separator=",">
                ${item}
            </foreach>
        </if>
    </sql>

</mapper>
