<?xml version="1.0" encoding="UTF-8"?>
<beans xmlns="http://www.springframework.org/schema/beans" xmlns:xsi="http://www.w3.org/2001/XMLSchema-instance"
       xmlns:context="http://www.springframework.org/schema/context"
       xmlns:jdbc="http://www.springframework.org/schema/jdbc" xmlns:tx="http://www.springframework.org/schema/tx"
       xsi:schemaLocation="
       http://www.springframework.org/schema/context http://www.springframework.org/schema/context/spring-context-4.3.xsd
		http://www.springframework.org/schema/beans http://www.springframework.org/schema/beans/spring-beans-3.2.xsd
		http://www.springframework.org/schema/jdbc http://www.springframework.org/schema/jdbc/spring-jdbc-3.2.xsd
		http://www.springframework.org/schema/tx http://www.springframework.org/schema/tx/spring-tx-3.2.xsd"
       default-lazy-init="true">

    <!-- 数据源配置 -->
    <!--  ClickHouse数据源-商品分析-->
    <bean id="clickhousePropertiesForCommodity" class="ru.yandex.clickhouse.settings.ClickHouseProperties">
        <property name="user" value="${clickhouse.username.commodity}"/>
        <property name="password" value="${clickhouse.password.commodity}"/>
    </bean>

    <bean id="ClickhouseDataSourceForCommodity" class="ru.yandex.clickhouse.BalancedClickhouseDataSource">
        <constructor-arg index="0" value="${clickhouse.jdbc.url.commodity}"/>
        <constructor-arg index="1" ref="clickhousePropertiesForCommodity"/>
    </bean>

    <!-- Clickhouse配置-商品分析-->
    <bean id="clickhouseSqlSessionFactoryForCommodity" class="org.mybatis.spring.SqlSessionFactoryBean">
        <property name="dataSource" ref="ClickhouseDataSourceForCommodity"/>
        <property name="configLocation" value="classpath:/spring/mybatis-configuration.xml" />
        <property name="mapperLocations" value="classpath:dao/mapper/ibd/commodity/*.xml"/>
    </bean>

    <bean class="org.mybatis.spring.mapper.MapperScannerConfigurer">
        <property name="basePackage" value="com.jd.ad.dao.mapper.ibd.commodity"/>
        <property name="sqlSessionFactoryBeanName" value="clickhouseSqlSessionFactoryForCommodity"/>
    </bean>



    <!--  ClickHouse数据源-流量分析 and 交易分析-->
    <bean id="clickhousePropertiesForFlowAndTrade" class="ru.yandex.clickhouse.settings.ClickHouseProperties">
        <property name="user" value="${clickhouse.username.flowandtrade}"/>
        <property name="password" value="${clickhouse.password.flowandtrade}"/>
    </bean>

    <bean id="ClickhouseDataSourceForFlowAndTrade" class="ru.yandex.clickhouse.BalancedClickhouseDataSource">
        <constructor-arg index="0" value="${clickhouse.jdbc.url.flowandtrade}"/>
        <constructor-arg index="1" ref="clickhousePropertiesForFlowAndTrade"/>
    </bean>

    <!-- Clickhouse配置-流量分析 and 交易分析-->
    <bean id="clickhouseSqlSessionFactoryForFlowAndTrade" class="org.mybatis.spring.SqlSessionFactoryBean">
        <property name="dataSource" ref="ClickhouseDataSourceForFlowAndTrade"/>
        <property name="configLocation" value="classpath:/spring/mybatis-configuration.xml" />
        <property name="mapperLocations">
        <array>
            <value>classpath:dao/mapper/ibd/flow/*.xml</value>
            <value>classpath:dao/mapper/ibd/trade/*.xml</value>
            <value>classpath:dao/mapper/ibd/shoprel/*.xml</value>
        </array>
        </property>
    </bean>

    <bean class="org.mybatis.spring.mapper.MapperScannerConfigurer">
        <property name="basePackage" value="com.jd.ad.dao.mapper.ibd.flow,com.jd.ad.dao.mapper.ibd.trade,com.jd.ad.dao.mapper.ibd.shoprel"/>
        <property name="sqlSessionFactoryBeanName" value="clickhouseSqlSessionFactoryForFlowAndTrade"/>
    </bean>

</beans>