<?xml version="1.0" encoding="UTF-8"?>
<!DOCTYPE mapper PUBLIC "-//mybatis.org//DTD Mapper 3.0//EN"
        "http://mybatis.org/dtd/mybatis-3-mapper.dtd">

<mapper namespace="com.jd.ad.dao.mapper.ibd.flow.FlowKeywordMapper">
    <resultMap type="java.util.LinkedHashMap" id="returnHashMap">
    </resultMap>

    <sql id="database">sz_prod</sql>
    <sql id="shop_keyword_detail">shop_keyword_detail_d</sql>

    <select id="getIbdFlowKeywordGeneral" resultMap="returnHashMap"
            parameterType="com.jd.ad.dao.bean.ibd.flow.FlowParam">
        select
        keyword as Keyword,
        <foreach collection="columns" item="item" separator=",">
            ${item}
        </foreach>
        from
        <include refid="database"/>.<include refid="shop_keyword_detail"/>
        <include refid="where"/>
        group by keyword
        <if test="orderBy != null and orderBy.size()>0">
            order by
            <foreach collection="orderBy" item="item" separator=",">
                ${item}
            </foreach>
        </if>
        <if test="order != null">${order} </if>
        limit ${limit}
    </select>

    <select id="getIbdShopFlowKeyword" resultMap="returnHashMap"
            parameterType="com.jd.ad.dao.bean.ibd.flow.FlowParam">
        select
        shopId as ShopId,
        keyword as Keyword,
        <foreach collection="columns" item="item" separator=",">
            ${item}
        </foreach>
        from
        <include refid="database"/>.<include refid="shop_keyword_detail"/>
        <include refid="where"/>
        group by shopId, keyword
        <if test="orderBy != null and orderBy.size()>0">
            order by
            <foreach collection="orderBy" item="item" separator=",">
                ${item}
            </foreach>
        </if>
        <if test="order != null">${order} </if>
        limit ${limit}
    </select>


    <sql id="where">
        where logicalDate &gt;= ${logicalStartTime} and logicalDate &lt;= ${logicalEndTime}
        <if test="processTime != null">
            and processDate = #{processTime}
        </if>

        <if test="shopId != null and shopId.size()>0">
            and shopId in
            <foreach collection="shopId" item="item" open="(" close=")" separator=",">
                ${item}
            </foreach>
        </if>
        <if test="channelId != null">
            and channelId = ${channelId}
        </if>
    </sql>


</mapper>
