<?xml version="1.0" encoding="UTF-8"?>
<!-- log4j2使用说明：
使用方式如下：
private static final Logger logger = LogManager.getLogger(实际类名.class.getName());

2、日志说明：
（1）请根据实际情况配置各项参数
（2）需要注意日志文件备份数和日志文件大小，注意预留目录空间
（3）实际部署的时候backupFilePatch变量需要修改成linux目录
 -->

<!--monitorInterval：Log4j能够自动检测修改配置 文件和重新配置本身，设置间隔秒数-->
<configuration status="WARN" monitorInterval="30000">
    <Properties>
        <Property name="infoFileName">info.log</Property>
        <Property name="warnFileName">warn.log</Property>
        <Property name="errorFileName">error.log</Property>
        <Property name="fileName">front.log</Property>

        <Property name="filePath">/export/Logs/bdds.jd.com</Property>
    </Properties>
    <!--先定义所有的appender-->
    <appenders>
        <!--这个输出控制台的配置-->
        <Console name="Console" target="SYSTEM_OUT">
            <!--控制台只输出level及以上级别的信息（onMatch），其他的直接拒绝（onMismatch）-->
            <ThresholdFilter level="trace" onMatch="ACCEPT" onMismatch="DENY" />
            <!--这个都知道是输出日志的格式-->
            <!--<PatternLayout pattern="%d{HH:mm:ss.SSS} %-5level %class{36} %L %M - %msg%xEx%n" />-->
            <PatternLayout pattern="[%d{yyyy-MM-dd HH:mm:ss}] [%-5p] [%m] - [%t-%l] %3x %n" />
        </Console>

        <!--这个会打印出所有的信息，每次大小超过size，则这size大小的日志会自动存入按[年-月]/[年-月-日]建立的文件夹下面并进行压缩，作为存档-->
        <RollingFile name="RollingFileInfo" fileName="${filePath}/${infoFileName}"
                     filePattern="${filePath}/info/$${date:yyyy-MM}/info-%d{yyyy-MM-dd}-%i.log.gz">
            <PatternLayout pattern="[%d{yyyy-MM-dd HH:mm:ss}] [%-5p] [%m] - [%t-%l] %3x %n" />
            <!--控制台只输出info level级别的信息（onMatch），其他的直接拒绝（onMismatch）-->
            <!--<ThresholdFilter level="warn" onMatch="DENY" onMismatch="NEUTRAL"/>-->
            <ThresholdFilter level="info" onMatch="ACCEPT" onMismatch="DENY"/>
            <!-- 日志文件大小 -->
            <TimeBasedTriggeringPolicy interval="24" modulate="true"/>
            <!-- 最多保留文件数 -->
            <DefaultRolloverStrategy max="7"/>
        </RollingFile>

        <RollingFile name="RollingFileWarn" fileName="${filePath}/${warnFileName}"
                     filePattern="${filePath}/warn/$${date:yyyy-MM}/warn-%d{yyyy-MM-dd}-%i.log.gz">
            <PatternLayout pattern="[%d{yyyy-MM-dd HH:mm:ss}] [%-5p] [%m] - [%t-%l] %3x %n" />
            <ThresholdFilter level="warn" onMatch="ACCEPT" onMismatch="DENY"/>
            <Policies>
                <TimeBasedTriggeringPolicy interval="24" modulate="true"/>
            </Policies>
            <DefaultRolloverStrategy max="7"/>
        </RollingFile>

        <RollingFile name="RollingFileError" fileName="${filePath}/${errorFileName}"
                     filePattern="${filePath}/error/$${date:yyyy-MM}/error-%d{yyyy-MM-dd}-%i.log.gz">
            <PatternLayout pattern="[%d{yyyy-MM-dd HH:mm:ss}] [%-5p] [%m] - [%t-%l] %3x %n" />
            <ThresholdFilter level="error" onMatch="ACCEPT" onMismatch="DENY"/>
            <Policies>
                <TimeBasedTriggeringPolicy interval="24" modulate="true"/>
            </Policies>
            <DefaultRolloverStrategy max="7"/>
        </RollingFile>
    </appenders>

    <!--然后定义logger，只有定义了logger并引入的appender，appender才会生效-->
    <loggers>

        <logger name="com.jd.ad.dao" level="INFO" additivity="false">
            <appender-ref ref="Console"/>
        </logger>

        <!--建立一个默认的root的logger-->
        <Root level="info">
            <AppenderRef ref="Console" />
            <AppenderRef ref="RollingFileInfo" />
            <AppenderRef ref="RollingFileWarn" />
            <AppenderRef ref="RollingFileError" />
        </Root>
    </loggers>
</configuration>