<?xml version="1.0" encoding="UTF-8" ?>
<!DOCTYPE log4j:configuration SYSTEM "log4j.dtd">
<log4j:configuration xmlns:log4j='http://jakarta.apache.org/log4j/'>
<appender name="STDOUT" class="org.apache.log4j.ConsoleAppender">
  <layout class="org.apache.log4j.PatternLayout">
    <param name="ConversionPattern" value="[%d{yyyy-MM-dd HH:mm:ss}] [%-5p] [%m] - [%t-%l] %3x %n"/>
  </layout>
</appender>
<appender name="DEBUG" class="org.apache.log4j.DailyRollingFileAppender">
  <param name="File" value="/export/Logs/bdds.jd.com/debug.log"/>
  <param name="Append" value="true"/>
  <param name="DatePattern" value="'.'yyyy-MM-dd-HH"/>
  <param name="BufferedIO" value="true"/>
  <param name="Encoding" value="UTF-8"/>
  <param name="BufferSize" value="8192"/>
  <layout class="org.apache.log4j.PatternLayout">
    <param name="ConversionPattern" value="[%d{yyyy-MM-dd HH:mm:ss}] [%-5p] [%m] - [%t-%l] %3x %n"/>
  </layout>
  <filter class="org.apache.log4j.varia.LevelRangeFilter">
    <param name="LevelMin" value="DEBUG"/>
    <param name="LevelMax" value="DEBUG"/>
  </filter>
</appender>
<appender name="INFO" class="org.apache.log4j.DailyRollingFileAppender">
  <param name="File" value="/export/Logs/bdds.jd.com/info.log"/>
  <param name="Append" value="true"/>
  <param name="DatePattern" value="'.'yyyy-MM-dd-HH"/>
  <param name="BufferedIO" value="true"/>
  <param name="Encoding" value="UTF-8"/>
  <param name="BufferSize" value="8192"/>
  <layout class="org.apache.log4j.PatternLayout">
    <param name="ConversionPattern" value="[%d{yyyy-MM-dd HH:mm:ss}] [%-5p] [%m] - [%t-%l] %3x %n"/>
  </layout>
  <filter class="org.apache.log4j.varia.LevelRangeFilter">
    <param name="LevelMin" value="INFO"/>
    <param name="LevelMax" value="INFO"/>
  </filter>
</appender>
<appender name="ERROR" class="org.apache.log4j.DailyRollingFileAppender">
  <param name="File" value="/export/Logs/bdds.jd.com/error.log"/>
  <param name="Append" value="true"/>
  <param name="DatePattern" value="'.'yyyy-MM-dd-HH"/>
  <param name="BufferedIO" value="true"/>
  <param name="Encoding" value="UTF-8"/>
  <param name="BufferSize" value="8192"/>
  <layout class="org.apache.log4j.PatternLayout">
    <param name="ConversionPattern" value="[%d{yyyy-MM-dd HH:mm:ss}] [%-5p] [%m] - [%t-%l] %3x %n"/>
  </layout>
  <filter class="org.apache.log4j.varia.LevelRangeFilter">
    <param name="LevelMin" value="ERROR"/>
    <param name="LevelMax" value="ERROR"/>
  </filter>
</appender>
<appender name="FATAL" class="org.apache.log4j.DailyRollingFileAppender">
  <param name="File" value="/export/Logs/bdds.jd.com/fatal.log"/>
  <param name="Append" value="true"/>
  <param name="DatePattern" value="'.'yyyy-MM-dd-HH"/>
  <param name="BufferedIO" value="true"/>
  <param name="Encoding" value="UTF-8"/>
  <param name="BufferSize" value="8192"/>
  <layout class="org.apache.log4j.PatternLayout">
    <param name="ConversionPattern" value="[%d{yyyy-MM-dd HH:mm:ss}] [%-5p] [%m] - [%t-%l] %3x %n"/>
  </layout>
  <filter class="org.apache.log4j.varia.LevelRangeFilter">
    <param name="LevelMin" value="FATAL"/>
    <param name="LevelMax" value="FATAL"/>
  </filter>
</appender>
<root>
  <priority value="INFO"/>
  <appender-ref ref="STDOUT"/>
  <appender-ref ref="DEBUG"/>
  <appender-ref ref="INFO"/>
  <appender-ref ref="ERROR"/>
  <appender-ref ref="FATAL"/>
</root>
</log4j:configuration>