<?xml version="1.0" encoding="UTF-8"?>
<!DOCTYPE mapper PUBLIC "-//mybatis.org//DTD Mapper 3.0//EN"
        "http://mybatis.org/dtd/mybatis-3-mapper.dtd">

<mapper namespace="com.jd.ad.dao.mapper.ibd.flow.FlowGeneralMapper">
    <resultMap type="java.util.LinkedHashMap" id="returnHashMap">
    </resultMap>

    <sql id="database">sz_prod</sql>
    <sql id="shop_trade_detail">shop_trade_detail_d</sql>

    <select id="getIbdFlowGeneralOverview" resultMap="returnHashMap"
            parameterType="com.jd.ad.dao.bean.ibd.flow.FlowParam">
        select
        <foreach collection="columns" item="item" separator=",">
            ${item}
        </foreach>
        from <include refid="database"/>.<include refid="shop_trade_detail"/>
        <include refid="com.jd.ad.dao.mapper.ibd.flow.FlowKeywordMapper.where"/>
        <if test="order != null">${order} </if>
        <if test="limit != null"  > limit ${limit}</if>
    </select>

    <select id="getIbdFlowTrend" resultMap="returnHashMap"
            parameterType="com.jd.ad.dao.bean.ibd.flow.FlowParam">
        select processDate,
        <foreach collection="columns" item="item" separator=",">
            ${item}
        </foreach>
        from <include refid="database"/>.<include refid="shop_trade_detail"/>
        <include refid="com.jd.ad.dao.mapper.ibd.flow.FlowKeywordMapper.where"/>
        group by processDate
        <if test="orderBy != null and orderBy.size()>0">
            order by
            <foreach collection="orderBy" item="item" separator=",">
                ${item}
            </foreach>
        </if>
        <if test="order != null">${order} </if>
        <if test="limit != null"  > limit ${limit}</if>
    </select>

    <select id="getIbdShopFlowGeneral" resultMap="returnHashMap"
            parameterType="com.jd.ad.dao.bean.ibd.flow.FlowParam">
        select shopId as ShopId,
        <foreach collection="columns" item="item" separator=",">
            ${item}
        </foreach>
        from <include refid="database"/>.<include refid="shop_trade_detail"/>
        <include refid="com.jd.ad.dao.mapper.ibd.flow.FlowKeywordMapper.where"/>
        group by shopId
        <if test="orderBy != null and orderBy.size()>0">
            order by
            <foreach collection="orderBy" item="item" separator=",">
                ${item}
            </foreach>
        </if>
        <if test="order != null">${order} </if>
        <if test="limit != null"  > limit ${limit}</if>
    </select>
</mapper>
