<?xml version="1.0" encoding="UTF-8"?>
<!DOCTYPE mapper PUBLIC "-//mybatis.org//DTD Mapper 3.0//EN"
        "http://mybatis.org/dtd/mybatis-3-mapper.dtd">

<mapper namespace="com.jd.ad.dao.mapper.ibd.flow.FlowSourceMapper">
    <resultMap type="java.util.LinkedHashMap" id="returnHashMap">
    </resultMap>

    <sql id="database">sz_prod</sql>
    <sql id="shop_flow_source_detail">shop_flow_source_detail_d</sql>
    <sql id="shop_page_flow_detail">shop_page_flow_detail_d</sql>

    <select id="getIbdFlowSourceGeneral" resultMap="returnHashMap"
            parameterType="com.jd.ad.dao.bean.ibd.flow.FlowParam">
        select
        <if test="level1SourceId == null and level2SourceId == null and level3SourceId == null">
            level1SourceId as id,
        </if>
        <if test="level1SourceId != null and level1SourceId.size()>0 and (level2SourceId == null or level2SourceId.size()==0)">
            level2SourceId as id,
        </if>
        <if test="level1SourceId != null and level1SourceId.size()>0 and level2SourceId != null and level2SourceId.size()>0">
            level3SourceId as id,
        </if>
        <foreach collection="columns" item="item" separator=",">
            ${item}
        </foreach>
        from <include refid="database"/>.<include refid="shop_flow_source_detail"/>
        where processDate = #{processTime} and logicalDate &gt;= ${logicalStartTime} and logicalDate &lt;= ${logicalEndTime}
        <if test="shopId != null and shopId.size()>0">
            and shopId in
            <foreach collection="shopId" item="item" open="(" close=")" separator=",">
                ${item}
            </foreach>
        </if>
        <if test="channelId != null">
            and channelId = ${channelId}
        </if>
        <if test="brandId != null and brandId.size()>0">
            and brandId in
            <foreach collection="brandId" item="item" open="(" close=")" separator=",">
                ${item}
            </foreach>
        </if>
        <if test="level1SourceId == null and level2SourceId == null and level3SourceId == null">
            and level1SourceId!='999999'  and level2SourceId='999999' and level3SourceId='999999'
        </if>
        <if test="level1SourceId != null and level1SourceId.size()>0 and (level2SourceId == null or level2SourceId.size()==0)">
            and level1SourceId in
            <foreach collection="level1SourceId" item="item" open="(" close=")" separator=",">
                #{item}
            </foreach>
            and level2SourceId!='999999' and level3SourceId='999999'
        </if>
        <if test="level1SourceId != null and level1SourceId.size()>0 and level2SourceId != null and level2SourceId.size()>0">
            and level2SourceId in
            <foreach collection="level2SourceId" item="item" open="(" close=")" separator=",">
                #{item}
            </foreach>
            and level3SourceId!='999999'
        </if>
        <if test="level1SourceId == null and level2SourceId == null and level3SourceId == null">
            group by level1SourceId
        </if>
        <if test="level1SourceId != null and level1SourceId.size()>0 and (level2SourceId == null or level2SourceId.size()==0)">
            group by level2SourceId
        </if>
        <if test="level1SourceId != null and level1SourceId.size()>0 and level2SourceId != null and level2SourceId.size()>0">
            group by level3SourceId
        </if>
        <if test="orderBy != null and orderBy.size()>0">
            order by
            <foreach collection="orderBy" item="item" separator=",">
                ${item}
            </foreach>
        </if>
        <if test="order != null">${order} </if>
        <if test="limit != null"  > limit ${limit}</if>
    </select>

    <select id="getIbdFlowSourceGeneralToJudgeChildren" resultMap="returnHashMap"
            parameterType="com.jd.ad.dao.bean.ibd.flow.FlowParam">
        select
        <if test="level1SourceId == null and level2SourceId == null and level3SourceId == null">
            distinct level1SourceId as id,level2SourceId as child
        </if>
        <if test="level1SourceId != null and level1SourceId.size()>0">
            distinct level2SourceId as id,level3SourceId as child
        </if>
        from <include refid="database"/>.<include refid="shop_flow_source_detail"/>
        where processDate = #{processTime} and logicalDate &gt;= ${logicalStartTime} and logicalDate &lt;= ${logicalEndTime}
        <if test="shopId != null and shopId.size()>0">
            and shopId in
            <foreach collection="shopId" item="item" open="(" close=")" separator=",">
                ${item}
            </foreach>
        </if>
        <if test="channelId != null">
            and channelId = ${channelId}
        </if>
        <if test="level1SourceId == null and level2SourceId == null and level3SourceId == null">
            and level1SourceId!='999999'  and level2SourceId!='999999'
        </if>
        <if test="level1SourceId != null and level1SourceId.size()>0">
            and level1SourceId in
            <foreach collection="level1SourceId" item="item" open="(" close=")" separator=",">
                #{item}
            </foreach>
            and level2SourceId!='999999' and level3SourceId!='999999'
        </if>
    </select>

    <select id="exportIbdFlowSourceGeneral" resultMap="returnHashMap"
            parameterType="com.jd.ad.dao.bean.ibd.flow.FlowParam">
        select level1SourceId as Level1SourceId,level2SourceId as Level2SourceId,level3SourceId as Level3SourceId,
        <foreach collection="columns" item="item" separator=",">
            ${item}
        </foreach>
        from <include refid="database"/>.<include refid="shop_flow_source_detail"/>
        <include refid="com.jd.ad.dao.mapper.ibd.flow.FlowKeywordMapper.where"/>
        and level1SourceId!='999999' and level2SourceId!='999999' and level3SourceId!='999999'
        group by level1SourceId,level2SourceId,level3SourceId
        <if test="orderBy != null and orderBy.size()>0">
            order by
            <foreach collection="orderBy" item="item" separator=",">
                ${item}
            </foreach>
        </if>
        <if test="order != null">${order} </if>
        <if test="limit != null"  > limit ${limit}</if>
    </select>

    <select id="getIbdShopFlowSourceGeneral" resultMap="returnHashMap"
            parameterType="com.jd.ad.dao.bean.ibd.flow.FlowParam">
        select shopId, Level1SourceId, Level2SourceId, Level3SourceId, UV, PV, SkipOut, AvgDepth, AvgStayTime, ToCartCustNum, ToCartRate, OrdCustNum, ToOrdRate, OrdAmt, OrdProNum, CustPriceAvg, UVvalue from
        (select *,rowNumberInAllBlocks() as level2_id from (
        select shopId,level1SourceId as Level1SourceId,level2SourceId as Level2SourceId,level3SourceId as Level3SourceId,
        <foreach collection="columns" item="item" separator=",">
            ${item}
        </foreach>
        from<include refid="database"/>.<include refid="shop_flow_source_detail"/>
        <include refid="com.jd.ad.dao.mapper.ibd.flow.FlowKeywordMapper.where"/>
        and level1SourceId!='999999'
        group by shopId,level1SourceId,level2SourceId,level3SourceId
        <if test="orderBy != null and orderBy.size()>0">
            order by
            <foreach collection="orderBy" item="item" separator=",">
                ${item}
            </foreach>
        </if>
        <if test="order != null">${order} </if>
        ))
        ALL INNER JOIN
        (select shopId,rowNumberInAllBlocks() as level1_id from (
        select shopId,ordAmt
        from<include refid="database"/>.<include refid="shop_flow_source_detail"/>
        where logicalDate &gt;= ${logicalStartTime} and logicalDate &lt;= ${logicalEndTime}
        <if test="processTime != null">
            and processDate = #{processTime}
        </if>
        <if test="channelId != null">
            and channelId = ${channelId}
        </if>
        and level1SourceId='999999'  and level2SourceId='999999' and level3SourceId='999999'
        order by ordAmt desc))
        USING (shopId)
        ORDER by level1_id,level2_id
        <if test="limit != null"  > limit ${limit}</if>
    </select>

    <select id="getIbdShopFlowSourceGeneralByShop" resultMap="returnHashMap"
            parameterType="com.jd.ad.dao.bean.ibd.flow.FlowParam">
        select shopId,
        <foreach collection="columns" item="item" separator=",">
            ${item}
        </foreach>
        from <include refid="database"/>.<include refid="shop_flow_source_detail"/>
        <include refid="com.jd.ad.dao.mapper.ibd.flow.FlowKeywordMapper.where"/>
        and level1SourceId!='999999'
        group by shopId
        <if test="orderBy != null and orderBy.size()>0">
            order by
            <foreach collection="orderBy" item="item" separator=",">
                ${item}
            </foreach>
        </if>
        <if test="order != null">${order} </if>
        <if test="limit != null"  > limit ${limit}</if>
    </select>

    <select id="getIbdShopPageGeneral" resultMap="returnHashMap"
            parameterType="com.jd.ad.dao.bean.ibd.flow.FlowParam">
        select pageType as PageType,
        <foreach collection="columns" item="item" separator=",">
            ${item}
        </foreach>
        from <include refid="database"/>.<include refid="shop_page_flow_detail"/>
        <include refid="com.jd.ad.dao.mapper.ibd.flow.FlowKeywordMapper.where"/>
        and urlRank=999999
        group by pageType
        <if test="orderBy != null and orderBy.size()>0">
            order by
            <foreach collection="orderBy" item="item" separator=",">
                ${item}
            </foreach>
        </if>
        <if test="order != null">${order} </if>
        <if test="limit != null"  > limit ${limit}</if>
    </select>

    <select id="getIbdShopPageFlow" resultMap="returnHashMap"
            parameterType="com.jd.ad.dao.bean.ibd.flow.FlowParam">
        select shopId,PageType,UV,PV,GuideAddBuyUserNum,GuideOrdUserNum,LogicGuideOrdRate,GuideOrdAmt from
        (select *,rowNumberInAllBlocks() as level2_id from (
        select shopId as shopId,pageType as PageType,
        <foreach collection="columns" item="item" separator=",">
            ${item}
        </foreach>
        from<include refid="database"/>.<include refid="shop_page_flow_detail"/>
        <include refid="com.jd.ad.dao.mapper.ibd.flow.FlowKeywordMapper.where"/>
        and urlRank=999999
        group by shopId,pageType
        <if test="orderBy != null and orderBy.size()>0">
            order by
            <foreach collection="orderBy" item="item" separator=",">
                ${item}
            </foreach>
        </if>
        <if test="order != null">${order} </if>
        ))
        ALL INNER JOIN
        (select *,rowNumberInAllBlocks() as level1_id from (
        SELECT shopId,sum(uv) as UV
        from<include refid="database"/>.<include refid="shop_page_flow_detail"/>
        where logicalDate &gt;= ${logicalStartTime} and logicalDate &lt;= ${logicalEndTime}
        <if test="processTime != null">
            and processDate = #{processTime}
        </if>
        <if test="channelId != null">
            and channelId = ${channelId}
        </if>
        group by shopId
        order by UV desc))
        USING (shopId)
        ORDER by level1_id,level2_id
        <if test="limit != null"  > limit ${limit}</if>
    </select>
    <select id="getIbdShopPageFlowByShop" resultMap="returnHashMap"
            parameterType="com.jd.ad.dao.bean.ibd.flow.FlowParam">
        select shopId as shopId,
        <foreach collection="columns" item="item" separator=",">
            ${item}
        </foreach>
        from <include refid="database"/>.<include refid="shop_page_flow_detail"/>
        <include refid="com.jd.ad.dao.mapper.ibd.flow.FlowKeywordMapper.where"/>
        and urlRank=999999
        group by shopId
        <if test="orderBy != null and orderBy.size()>0">
            order by
            <foreach collection="orderBy" item="item" separator=",">
                ${item}
            </foreach>
        </if>
        <if test="order != null">${order} </if>
        <if test="limit != null"  > limit ${limit}</if>
    </select>

</mapper>
